Title,Author(s),Source,Date Published,Category,Tags,Summary,URL,Date Added
"Mechanisms of long COVID and the path toward therapeutics","Michael J. Peluso, Steven G. Deeks","Cell","2024-10-03","Long COVID","long COVID, therapeutics, mechanisms, pathogenesis","This review discusses the mechanisms underlying long COVID and explores the potential paths toward therapeutic development, offering insights into persistent symptoms and recovery challenges.","https://www.cell.com/cell/fulltext/S0092-8674(24)00886-9?_returnURL=https%3A%2F%2Flinkinghub.elsevier.com%2Fretrieve%2Fpii%2FS0092867424008869%3Fshowall%3Dtrue","2024-11-30"
"How Federal COVID Relief Flows to the Criminal Justice System","Anastasia Valeeva, Weihua Li, Susie Cagle","The Marshall Project","2022-09-07","COVID-19 Relief Funding","ARPA, COVID-19 relief, law enforcement funding, criminal justice system, public spending","This analysis examines how funds from the American Rescue Plan Act were used by cities and states, revealing billions allocated to police, jails, and courts under flexible spending guidelines that reflect local priorities during the pandemic.","https://www.themarshallproject.org/2022/09/07/how-federal-covid-relief-flows-to-the-criminal-justice-system","2024-11-30"
"‘Alarming’ rise in Americans with long Covid symptoms","Melody Schreiber","The Guardian","2024-03-15","Long COVID","long COVID, CDC, prevalence, public health","This article discusses the increase in long COVID cases in the U.S., highlighting CDC data indicating that nearly 18 million Americans are experiencing long-term symptoms, with significant impacts on daily activities.","https://www.theguardian.com/world/2024/mar/15/long-covid-symptoms-cdc","2024-11-30"
"Long COVID in Children: A Multidisciplinary Review","Francesco Sansone, Giulia Michela Pellegrino, Antonio Caronni, Federica Bonazza, Elena Vegni, Alberto Lué, Tommaso Bocci, Carlotta Pipolo, Giuliano Giusti, Paola Di Filippo, Sabrina Di Pillo, Francesco Chiarelli, Giuseppe Francesco Sferrazza Papa, Marina Attanasi","Diagnostics","2023-06-07","Long COVID and Children","Long COVID, children, multidisciplinary review, pediatrics, respiratory symptoms, neurological symptoms, gastrointestinal symptoms","This review explores Long COVID in children, highlighting its diverse manifestations across respiratory, gastrointestinal, neurological, and psychological domains. It emphasizes the importance of a multidisciplinary approach to diagnosis and management and discusses potential mechanisms and therapeutic strategies.","https://pmc.ncbi.nlm.nih.gov/articles/PMC10297324/","2024-11-30"
"After all these years, did any of you get any type of permanent damage from getting covid? If so, what is it?",Reddit Users,"r/AskReddit","2024-09-23","Long COVID","long COVID, health problems, personal experiences, Reddit discussion","This Reddit thread features users sharing their experiences with long COVID and its associated health problems, including permanent damage and chronic symptoms.","https://www.reddit.com/r/AskReddit/comments/1fmy2bo/after_all_these_years_did_any_of_you_get_any_type/?rdt=59077","2024-11-30"
"Millions of US Children Experience Range of Long COVID Effects","Emily Harris","JAMA","2024-02-14","Long COVID and Children","long COVID, children, health effects, cognitive issues, mental health, head and neck symptoms","This article examines the prevalence and diverse manifestations of long COVID among children in the United States. Approximately 6 million children are affected, with symptoms ranging from loss of smell and taste to cognitive impairments and mental health challenges like anxiety. Cardiac issues, though rare, were also observed.","https://jamanetwork.com/journals/jama/article-abstract/2815350","2024-11-30"
"Long COVID is a 'public health crisis for kids,' experts say","Nicole Karlis","Salon","2024-08-26","Long COVID and Children","long COVID, public health crisis, children, persistent symptoms, mental health","This article highlights the growing impact of long COVID on children, contradicting earlier beliefs that COVID-19 infections in children are mild. It discusses persistent physical and mental health symptoms among children and calls for urgent public health interventions to address the crisis.","https://www.salon.com/2024/08/26/long-is-a-public-health-for-kids-experts-say/","2024-11-30"
"Long COVID significantly affects children for up to 36 months; vaccines offer crucial protection","Dr. Chinta Sidharthan","News-Medical","2024-09-08","Long COVID and Children","long COVID, children, vaccine protection, autoimmune disorders","This article discusses a study revealing that long COVID can impact children for up to 36 months post-infection, with symptoms like fever, rhinitis, and cough. Approximately 23.2% of children met the criteria for long COVID at the three-month follow-up, decreasing to 7.9% after one year. Notably, 1.1% developed new-onset autoimmune disorders, such as Hashimoto Thyroiditis and Celiac Disease. The study emphasizes that three doses of the COVID-19 vaccine offer significant protection against long COVID and reinfections, especially in older children.","https://www.news-medical.net/news/20240908/Long-COVID-significantly-affects-children-for-up-to-36-months-vaccines-offer-crucial-protection.aspx","2024-11-30"
"What if schools could prevent sick days, teacher shortages and lost IQ points? A new COVID safety course lights the way","Hayley Gleeson","ABC News","2024-09-23","COVID-19 and Education","COVID-19, schools, teacher shortages, student health, long COVID, preventive measures","This article discusses a new online course, 'COVID Safety for Schools,' created by Colin Kinner. The course aims to educate school staff and parents on reducing the spread of COVID-19 in schools, addressing issues such as teacher shortages, student health, and the risk of long COVID.","https://www.abc.net.au/news/2024-09-24/covid-safety-schools-course-sick-days-teachers-long-covid/104319032","2024-11-30"
"A CFD study on the effect of portable air cleaner placement on airborne infection control in a classroom","Gen Pei, Parham Azimi, Donghyun Rim, Joseph G. Allen","Environmental Science: Processes & Impacts","2024-07-04","Airborne Infection Control","portable air cleaners, classroom, airborne pathogens, Computational Fluid Dynamics, ventilation systems","This study utilizes Computational Fluid Dynamics (CFD) modeling to evaluate the effectiveness of portable air cleaners (PACs) in classrooms with different ventilation systems. Findings indicate that PACs with a flow rate of 2.6 h⁻¹ can reduce students' mean aerosol intake by up to 66%. Optimal PAC performance is achieved when units are placed within 3 meters of an infector or centrally in the room, with discharge heights aligned to occupants' breathing levels.","https://pubs.rsc.org/en/content/articlelanding/2024/em/d4em00114a","2024-11-30"
"The Removal of Airborne Severe Acute Respiratory Syndrome Coronavirus 2 (SARS-CoV-2) and Other Microbial Bioaerosols by Air Filtration on Coronavirus Disease 2019 (COVID-19) Surge Units","Andrew Conway Morris, Katherine Sharrocks, Rachel Bousfield, Leanne Kermack, Mailis Maes, Ellen Higginson, Sally Forrest, Joana Pereira-Dias, Claire Cormie, Tim Old, Sophie Brooks, Islam Hamed, Alicia Koenig, Andrew Turner, Paul White, R. Andres Floto, Gordon Dougan, Effrossyni Gkrania-Klotsas, Theodore Gouliouris, Stephen Baker, Vilas Navapurkar","Clinical Infectious Diseases","2022-07-01","Airborne Infection Control","SARS-CoV-2, air filtration, bioaerosols, COVID-19 wards, HEPA filters, UV sterilization","This study presents evidence of the effectiveness of portable air filtration systems with UV sterilization in removing SARS-CoV-2 RNA and other microbial bioaerosols in COVID-19 hospital units. The use of these systems significantly reduced airborne pathogens, highlighting their potential to mitigate nosocomial infections and enhance safety for healthcare workers.","https://academic.oup.com/cid/article/75/1/e97/6414657?guestAccessKey=248e14cc-d920-4782-99b7-634e47cdaa0e&login=false","2024-11-30"
"Effect of air cleaner on reducing concentration of indoor-generated viruses with or without natural ventilation","Jungsuk Lee, Su-Hoon Park, Gi-Bong Sung, Ik-Hyun An, Kyung-Rae Lee, Sung-Pyo Hong, Se-Jin Yook, Hyun Bon Koo","Aerosol Science and Technology","2021-07-13","Airborne Infection Control","air cleaners, natural ventilation, COVID-19, classrooms, virus concentration, indoor air quality","This study evaluates the effectiveness of air cleaners and natural ventilation in reducing virus concentration indoors, particularly in classrooms. It finds that using both methods together significantly reduces virus concentration compared to using either method alone, emphasizing the importance of air cleaner positioning and maintenance for optimal results.","https://www.tandfonline.com/doi/full/10.1080/02786826.2021.1945528#d1e216","2024-11-30"
"Establishment and application of test methodology demonstrating the functionality of air purification systems in reducing virus-loaded aerosol in indoor air","J.M.B.M. van der Vossen, A.P. Kreikamp, V. Hatt, A.M.T. Ouwens, D.J. Brasem, M. Heerikhuisen, R.C. Montijn","Journal of Hospital Infection","2023-03-12","Airborne Infection Control","COVID-19, virus, bacteriophage, aerosol, air purification, clean air delivery rate","This study evaluates the effectiveness of air purification systems in reducing viral load in indoor air. Using a containment room and aerosolized Feline Coronavirus (FCoV), the researchers found that HEPA and ESP-based air purification systems significantly reduced viral load in air by 97-99% within one hour. ESP technology further inactivated 99.9%-99.99% of captured infectious viruses, highlighting its potential as an adjunctive infection control measure.","https://www.journalofhospitalinfection.com/article/S0195-6701(23)00078-6/pdf","2024-11-30"
"Effectiveness of a portable personal air cleaner in reducing the airborne transmission of respiratory pathogens","Gino Cortellessa, Christian Canale, Luca Stabile, Giorgio Grossi, Giorgio Buonanno, Fausto Arpino","Building and Environment","2023-05-01","Airborne Infection Control","airborne transmission, respiratory pathogens, personal air cleaner, ventilation, CFD simulations","This study evaluates the effectiveness of a novel portable personal air cleaner in reducing the airborne transmission of respiratory pathogens in indoor environments. Using Computational Fluid Dynamics (CFD) simulations validated by experimental data, the air cleaner was found to reduce inhaled respiratory particles by over 92% in close-proximity scenarios and over 99% in shared indoor environments like lecture rooms, highlighting its efficacy in mitigating infection risk.","https://www.sciencedirect.com/science/article/abs/pii/S0360132323002494","2024-11-30"
"Efficacy of Do-It-Yourself air filtration units in reducing exposure to simulated respiratory aerosols","Raymond C. Derk, Jayme P. Coyle, William G. Lindsley, Francoise M. Blachere, Angela R. Lemons, Samantha K. Service, Stephen B. Martin Jr., Kenneth R. Mead, Steven A. Fotta, Jeffrey S. Reynolds, Walter G. McKinney, Erik W. Sinsel, Donald H. Beezhold, John D. Noti","Building and Environment","2022-12-18","Airborne Infection Control","DIY air cleaners, respiratory aerosols, air filtration, Corsi-Rosenthal cube, ventilation, aerosol reduction","This study evaluates the efficacy of Do-It-Yourself (DIY) air filtration units, including the Corsi-Rosenthal cube and a modified Ford air filtration unit, in reducing exposure to simulated respiratory aerosols in a mock classroom. Using two DIY units increased air change rates up to 12.4 times and reduced aerosol exposure by up to 73%, depending on the design, materials, and construction. The study highlights that DIY air cleaners can effectively mitigate aerosol transmission but performance depends on proper design and placement.","https://www.sciencedirect.com/science/article/pii/S0360132322011507","2024-11-30"
"HEPA filters of portable air cleaners as a tool for the surveillance of SARS-CoV-2","Isabel G. Fernández de Mera, Carmen Granda, Florentina Villanueva, Marta Sánchez-Sánchez, Alberto Moraga-Fernández, Christian Gortázar, José de la Fuente","Indoor Air","2022-09-18","Airborne Infection Control","HEPA filters, portable air cleaners, SARS-CoV-2 surveillance, indoor air quality, air filtration","This study investigates the use of HEPA filters in portable air cleaners as a method for monitoring the presence of SARS-CoV-2 in indoor environments. The research demonstrates that these filters can effectively capture airborne viral particles, suggesting their potential utility in surveillance and control of COVID-19 transmission indoors.","https://onlinelibrary.wiley.com/doi/10.1111/ina.13109","2024-11-30"
"Application of Portable Air Purifiers for Mitigating COVID-19 in Large Public Spaces","Zhiqiang (John) Zhai, He Li, Robert Bahl, Keith Trace","Buildings","2021-07-29","Airborne Infection Control","portable air purifiers, HEPA filtration, large public spaces, COVID-19, computational fluid dynamics, field experiments","This study evaluates the effectiveness of portable air purifiers with HEPA filtration in reducing airborne transmission risks in large public spaces, such as restaurants and ballrooms. Using computational fluid dynamics and field experiments, the research highlights the ability of portable air purifiers to mitigate virus-carrying particles by reducing cross-table airflows and enhancing local airflow control. The findings emphasize the need for individualized placement and capacity planning for optimal infection control.","https://www.mdpi.com/2075-5309/11/8/329","2024-11-30"
"The Usage of an Air Purifier Device with HEPA 14 Filter during Dental Procedures in COVID-19 Pandemic: A Randomized Clinical Trial","Paolo Capparè, Raffaele D’Ambrosio, Renato De Cunto, Atanaz Darvizeh, Matteo Nagni, Enrico Gherlone","International Journal of Environmental Research and Public Health","2022-04-23","Airborne Infection Control","COVID-19, HEPA filter, dental procedures, aerosols, decontamination, air purifier, randomized clinical trial","This randomized clinical trial evaluated the efficacy of a professional air purifier device with a HEPA 14 filter in reducing suspended particles generated during dental procedures, a potential vector for COVID-19 transmission. The study involved 80 participants, comparing groups with and without the air purifier. Results showed an 83% reduction in particle pollution and a 69–80% reduction in microbiological contamination in the test group, highlighting the purifier's effectiveness as an additional safety measure.","https://www.mdpi.com/1660-4601/19/9/5139","2024-11-30"
"Characterizing the performance of a do-it-yourself (DIY) box fan air filter","Rachael Dal Porto, Monet N. Kunz, Theresa Pistochini, Richard L. Corsi, Christopher D. Cappa","Aerosol Science and Technology","2022-04-05","Airborne Infection Control","DIY air filter, Corsi-Rosenthal Box, air filtration, MERV-13 filters, clean air delivery rate, indoor air quality","This study evaluates the performance of the Corsi-Rosenthal Box, a DIY air filtration system using MERV-13 filters and a box fan, in reducing indoor aerosol concentrations. Using research-grade instruments and low-cost sensors, the study determined clean air delivery rates ranging from 600 to 850 cubic feet per minute depending on fan speed, showing the device's efficiency and feasibility as a low-cost alternative to commercial air cleaners.","https://www.tandfonline.com/doi/full/10.1080/02786826.2022.2054674","2024-11-30"
"Effectiveness of HEPA Filters at Removing Infectious SARS-CoV-2 from the Air","Hiroshi Ueki, Michiko Ujie, Yosuke Komori, Tatsuo Kato, Masaki Imai, Yoshihiro Kawaoka","mSphere","2022-08-10","Airborne Infection Control","HEPA filters, air filtration, SARS-CoV-2, COVID-19, infection control, antiviral coating","This study evaluates the performance of HEPA filters in removing infectious SARS-CoV-2 from the air using a test chamber in a biosafety level 3 facility. Results show that HEPA filters achieved virus capture ratios of 85.38%, 96.03%, and >99.97% at filtration times of 5, 10, and 35.5 minutes, respectively. Filters coated with an antiviral reagent performed comparably to conventional HEPA filters, providing insights into the proper use of air purifiers for infection control in various settings.","https://journals.asm.org/doi/10.1128/msphere.00086-22#.Yvz7720nO","2024-11-30"
"Air purifiers for schools: study results pave the way for long-term Corona strategy","BFM Magazine","BFM Magazine","2021-03-15","Airborne Infection Control","air purifiers, schools, AiroDoctor, SARS-CoV-2, infection risk reduction, South Korea, window ventilation","This article discusses an empirical study conducted at Gimpo Foreign Language High School in South Korea, where the AiroDoctor air purifier was shown to reduce the risk of infection through infectious aerosols by 50% when used alone and by 73% when combined with window ventilation. The study highlights the potential of air purifiers as part of a long-term strategy against SARS-CoV-2, with promising results drawing attention from media and policymakers. The AiroDoctor air purifier is certified in Europe and undergoing FDA approval in the USA.","https://www.bfmmagazine.co.uk/air-purifiers-for-schools-study-results-pave-the-way-for-long-term-corona-strategy/?source=post_page-----5dd2c728ef8f--------------------------------","2024-11-30"
"Transmission and reduction of aerosols in classrooms using air purifier systems","Sebastian Burgmann, Uwe Janoske","Physics of Fluids","2021-03-23","Airborne Infection Control","aerosols, classrooms, air purifiers, SARS-CoV-2, computational fluid dynamics, ventilation strategies","This study analyzes the transmission and reduction of aerosols in classrooms equipped with air purifier systems. Using experimental measurements and numerical simulations with OpenFOAM®, the study validates the effectiveness of air purifiers in reducing airborne particles, depending on the location of the infected person. It highlights the benefits of combining air purifiers with ventilation strategies, especially in cold seasons, to mitigate the risk of SARS-CoV-2 transmission.","https://pubs.aip.org/aip/pof/article/33/3/033321/1064105/Transmission-and-reduction-of-aerosols-in#_i33","2024-11-30"
"Efficacy of Ventilation, HEPA Air Cleaners, Universal Masking, and Physical Distancing for Reducing Exposure to Simulated Exhaled Aerosols in a Meeting Room","Jayme P. Coyle, Raymond C. Derk, William G. Lindsley, Francoise M. Blachere, Theresa Boots, Angela R. Lemons, Stephen B. Martin Jr., Kenneth R. Mead, Steven A. Fotta, Jeffrey S. Reynolds, Walter G. McKinney, Erik W. Sinsel, Donald H. Beezhold, John D. Noti","Viruses","2021-12-17","Airborne Infection Control","indoor exposure, ventilation, universal masking, physical distancing, HEPA air cleaner, SARS-CoV-2","This study evaluates mitigation strategies to reduce exposure to simulated respiratory aerosol particles in a classroom-style meeting room. Strategies include universal masking, increased ventilation through HVAC systems or portable HEPA air cleaners, and physical distancing. Results show that universal masking reduces exposure by 50%, ventilation decreases exposure by approximately 5% per unit increase in air changes per hour (ACH), and HEPA air cleaners further enhance aerosol reduction.","https://www.mdpi.com/1999-4915/13/12/2536","2024-11-30"
"Performance analysis of portable HEPA filters and temporary plastic anterooms on the spread of surrogate coronavirus","Ehsan S. Mousavi, Krystal J. Godri Pollitt, Jodi Sherman, Richard A. Martinello","Build and Environment","2020-08-13","Airborne Infection Control","SARS-CoV-2, hospital, isolation room, HEPA filter, coronavirus, COVID-19, air quality, negative pressure room","This study evaluates the effectiveness of using temporary plastic anterooms and portable HEPA air purifier units to convert general patient rooms into airborne infection isolation spaces during the COVID-19 pandemic. Results indicate that temporary anterooms alone can prevent 98% of aerosol migration to adjacent corridors. Placing a HEPA filter unit inside the isolation room near the patient's bed was found to be the most effective strategy. The combination of anterooms, HEPA filtration, and negative pressure offers a practical approach to expanding hospital isolation capacity.","https://pmc.ncbi.nlm.nih.gov/articles/PMC7424318/","2024-11-30"
"Ventilation and air cleaning to limit aerosol particle concentrations in a gym during the COVID-19 pandemic","B. Blocken, T. van Druenen, A. Ricci, L. Kang, T. van Hooff, P. Qin, L. Xia, C. Alanis Ruiz, J.H. Arts, J.F.L. Diepens, G.A. Maas, S.G. Gillmeier, S.B. Vos, A.C. Brombacher","Building and Environment","2021-04-15","Airborne Infection Control","COVID-19, aerosol, sports club, fitness center, building ventilation, air purifier","This study examines the effectiveness of ventilation and air cleaning systems in reducing aerosol particle concentrations in a gym environment during the COVID-19 pandemic. Measurements of aerosol and CO2 concentrations were conducted in a gym with 35 participants. Results showed that ventilation with an air-change rate (ACH) of 2.2 h⁻¹ was insufficient to stop aerosol accumulation. Air cleaning alone with ACH = 1.39 h⁻¹ was found to have a similar effect as ventilation. Combining both methods reduced aerosol particle concentrations by 80-90%, depending on particle size, providing a practical and energy-efficient solution for minimizing airborne transmission risks.","https://www.sciencedirect.com/science/article/pii/S0360132321000706","2024-11-30"
"Use of portable air cleaners to reduce aerosol transmission on a hospital coronavirus disease 2019 (COVID-19) ward","Kristy L. Buising, Robyn Schofield, Louis Irving, Melita Keywood, Ashley Stevens, Nick Keogh, Grant Skidmore, Imogen Wadlow, Kevin Kevin, Behzad Rismanchi, Amanda J. Wheeler, Ruhi S. Humphries, Marion Kainer, Jason Monty, Forbes McGain, Caroline Marshall","Infection Control & Hospital Epidemiology","2021-06-24","Airborne Infection Control","COVID-19, HEPA filters, hospital ward, portable air cleaners, aerosol transmission, air quality","This observational study investigated the impact of portable air cleaners on aerosol transmission in a hospital COVID-19 ward. Using glycerin-based aerosol as a surrogate for respiratory particles, researchers found that air cleaners dramatically increased the clearance rate of aerosols and reduced their spread beyond patient rooms. With two small domestic air cleaners in a single patient room, 99% of aerosols were cleared within 5.5 minutes. Findings suggest that air cleaners are an effective and low-cost solution for reducing the risk of airborne viral transmission in healthcare settings.","https://pmc.ncbi.nlm.nih.gov/articles/PMC8314194/","2024-11-30"
"CU Boulder, UCLA study finds COVID-19 protective measures saved 800,000 lives","Jessica Crawford","Denver7","2024-05-17","Masks","COVID-19, protective measures, vaccines, social distancing, mortality reduction, future pandemics","This study by CU Boulder and UCLA reveals that COVID-19 protective measures, including vaccination and social distancing, saved approximately 800,000 lives in the U.S. Researchers emphasized the combination of these measures to significantly reduce mortality. While effective, the study also notes the economic, social, and human costs of these strategies. Suggestions for future pandemics include investment in vaccine development and data infrastructure to better tailor mitigation efforts and minimize societal impacts.","https://www.denver7.com/news/coronavirus/cu-boulder-ucla-study-finds-covid-19-protective-measures-saved-800-000-lives","2024-11-30"
"Masks and respirators for prevention of respiratory infections: a state of the science review","Trisha Greenhalgh, C. Raina MacIntyre, Michael G. Baker, Shovon Bhattacharjee, Abrar A. Chughtai, David Fisman, Mohana Kunasekaran, Amanda Kvalsvig, Deborah Lupton, Matt Oliver, Essa Tawfiq, Mark Ungrin, Joe Vipond","Clinical Microbiology Reviews","2024-05-22","Masks","masks, respirators, SARS-CoV-2, respiratory infections, airborne transmission, mask mandates, environmental impact","This narrative review synthesizes evidence on the efficacy and impacts of masks and respirators in reducing respiratory infections, including SARS-CoV-2. It highlights seven key findings: (1) strong evidence for airborne transmission, (2) masks reduce transmission when worn correctly, (3) respirators are more effective than medical or cloth masks, (4) mask mandates reduce community transmission, (5) masks are sociocultural symbols with adherence linked to political beliefs, (6) masks are generally safe but may be contraindicated for certain individuals or groups, and (7) single-use masks pose environmental risks. Recommendations include research into better materials, improved communication, and situation-specific masking policies.","https://journals.asm.org/doi/10.1128/cmr.00124-23","2024-11-30"
"US State Restrictions and Excess COVID-19 Pandemic Deaths","Christopher J. Ruhm","JAMA Health Forum","2024-07-26","Masks","COVID-19, masks, state restrictions, excess deaths, public policy, behavioral changes, pandemic mortality","This cross-sectional study analyzed the impact of COVID-19-related state restrictions on excess pandemic deaths in the US. Findings indicate that if all states had imposed restrictions similar to the 10 most (or least) restrictive states, excess deaths would have been an estimated 10%-21% lower (13%-17% higher) than the 1.18 million deaths observed during the 2-year period analyzed. Behavioral changes were associated with 49%-79% of these differences, underscoring the effectiveness of stringent public health measures in reducing pandemic mortality.","https://jamanetwork.com/journals/jama-health-forum/fullarticle/2821581","2024-11-30"
"Lives saved and lost in the first six months of the US COVID-19 pandemic: A retrospective cost-benefit analysis","Olga Yakusheva, Eline van den Broek-Altenburg, Gayle Brekke, Adam Atherly","PLoS ONE","2022-01-21","Masks","COVID-19, lockdowns, masks, cost-benefit analysis, economic impact, mortality, quality-adjusted life years","This retrospective cost-benefit analysis evaluates the impact of US COVID-19 mitigation measures during the first six months of the pandemic. The study found that policy interventions, including lockdowns and masking, saved between 866,350 and 1,711,150 lives while the economic downturn caused by these measures potentially resulted in 57,922 to 245,055 deaths. The net impact on quality-adjusted life expectancy remains ambiguous. Findings highlight the tradeoffs between public health interventions and economic consequences, emphasizing the need for targeted, effective policies in future crises.","https://journals.plos.org/plosone/article?id=10.1371/journal.pone.0261759","2024-11-30"
"Stricter Covid mask rules could’ve saved hundreds of thousands of lives, new study finds","Josh Marcus","MSN","2024-07-26","Masks","COVID-19, mask, vaccine requirements, pandemic restrictions, mortality reduction, public health","This study found that stricter mask and vaccine requirements could have saved an estimated 118,000 to 248,000 additional lives in the US during the pandemic. By comparing state policies and mortality data from 2020 to 2022, researchers highlighted the effectiveness of stricter measures implemented in states like Massachusetts. The study demonstrates the life-saving potential of robust pandemic restrictions while noting the disparities between states with varying approaches to public health measures.","https://www.msn.com/en-nz/health/other/stricter-covid-mask-rules-could-ve-saved-hundreds-of-thousands-of-lives-new-study-finds/ar-BB1qHj3d","2024-11-30"
"Top review says COVID lockdowns and masks worked, period","Ashleigh Furlong","Politico","2023-08-24","Masks","COVID-19, masks, non-pharmaceutical interventions, social distancing, lockdowns, pandemic preparedness","A Royal Society report reviewed findings from six evidence reviews analyzing thousands of studies on non-pharmaceutical interventions like masks, lockdowns, and social distancing. The report concluded these measures significantly reduced COVID-19 transmission, especially when implemented early and as part of a combination of measures. The review highlighted that restrictions on movement and gatherings were the most effective. Masks were shown to have strong evidence of effectiveness, particularly when including observational studies. The findings emphasize the importance of preparedness protocols for future pandemics.","https://www.politico.eu/article/masks-lockdowns-social-distancing-evidence-reduce-coronavirus-spread/","2024-11-30"
"Do face masks work? Here are 49 scientific studies that explain why they do","Russell Falcon","KXAN","2021-08-07","Masks","masks, COVID-19, face masks, scientific studies, public health","This article reviews 49 scientific studies demonstrating the effectiveness of face masks in reducing the spread of COVID-19. Peer-reviewed studies and models show that masks substantially reduce transmission, with benefits for both source control and respiratory protection. Despite some controversial or retracted studies, the majority of research supports mask use as a vital public health measure. Key findings include reduced case rates, prevention of infections and deaths, and significant community protection when mask mandates are implemented.","https://www.kxan.com/news/coronavirus/do-face-masks-work-here-are-49-scientific-studies-that-explain-why-they-do/","2024-11-30"
